-- phpMyAdmin SQL Dump
-- version 4.0.4
-- http://www.phpmyadmin.net
--
-- 主机: localhost
-- 生成日期: 2015 年 04 月 21 日 15:12
-- 服务器版本: 5.6.12-log
-- PHP 版本: 5.4.12

SET SQL_MODE = "NO_AUTO_VALUE_ON_ZERO";
SET time_zone = "+00:00";


/*!40101 SET @OLD_CHARACTER_SET_CLIENT=@@CHARACTER_SET_CLIENT */;
/*!40101 SET @OLD_CHARACTER_SET_RESULTS=@@CHARACTER_SET_RESULTS */;
/*!40101 SET @OLD_COLLATION_CONNECTION=@@COLLATION_CONNECTION */;
/*!40101 SET NAMES utf8 */;

--
-- 数据库: `walle`
--
CREATE DATABASE IF NOT EXISTS `walle` DEFAULT CHARACTER SET utf8 COLLATE utf8_general_ci;
USE `walle`;

-- --------------------------------------------------------

--
-- 表的结构 `tp_data`
--

CREATE TABLE IF NOT EXISTS `tp_data` (
  `id` int(10) NOT NULL AUTO_INCREMENT COMMENT '自增id',
  `name` varchar(32) NOT NULL COMMENT '账单名称',
  `price` varchar(10) NOT NULL COMMENT '多少钱',
  `time` date NOT NULL COMMENT '账单时间',
  `content` varchar(64) NOT NULL COMMENT '说明',
  `type` varchar(20) NOT NULL COMMENT '账单类型',
  `person_uid` varchar(20) NOT NULL DEFAULT '1' COMMENT '账单所属人uid',
  `status` varchar(10) NOT NULL COMMENT '账单状态',
  PRIMARY KEY (`id`)
) ENGINE=InnoDB  DEFAULT CHARSET=utf8 COMMENT='收支数据表' AUTO_INCREMENT=53 ;

--
-- 转存表中的数据 `tp_data`
--

INSERT INTO `tp_data` (`id`, `name`, `price`, `time`, `content`, `type`, `person_uid`, `status`) VALUES
(1, '亲人给读书费用', '400', '2013-08-17', '奶奶', 'income', '3', ''),
(2, '亲人给读书费用', '1800', '2013-08-01', '外婆', 'income', '3', ''),
(3, '亲人给读书费用', '800', '2013-08-17', '桂春哥', 'income', '3', ''),
(4, '亲人给读书费用', '400', '2013-08-19', '老舅', 'income', '3', ''),
(5, '亲人给读书费用', '400', '2013-08-20', '晓贤哥', 'income', '3', ''),
(6, '亲人给读书费用', '800', '2013-08-23', '大舅', 'income', '3', ''),
(7, '亲人给读书费用', '2000', '2013-08-25', '小舅', 'income', '3', ''),
(8, '亲人给读书礼物', '0', '2013-08-30', '丹姐、耿标哥、锐峰哥', 'income', '3', ''),
(9, '亲人给零用钱', '100', '2013-01-27', '奶奶', 'income', '3', ''),
(10, '亲人给零用钱', '400', '2013-01-29', '大伯母', 'income', '3', ''),
(11, '亲人给零用钱', '200', '2014-01-10', '老舅', 'income', '3', ''),
(12, '过年红包', '1600', '2014-02-01', '奶奶、外婆、大姑、涛哥', 'income', '3', ''),
(13, '亲人给零用钱', '400', '2014-02-13', '奶奶', 'income', '3', ''),
(14, '亲人给零用钱', '200', '2014-05-02', '奶奶', 'income', '3', ''),
(15, '亲人给零用钱', '200', '2014-05-24', '奶奶', 'income', '3', ''),
(16, '1', '200', '2014-05-10', '剩820', 'income', '3', ''),
(17, '2', '500', '2014-07-08', '辛苦', 'income', '3', ''),
(18, '大学备用品', '566.0', '2013-08-30', '书、水、大学用品、理发', 'pay', '3', ''),
(19, '交学费', '18200.0', '2013-08-21', '学校具体扣除18070', 'pay', '3', ''),
(20, '大一第一学期9月份支出', '1124.9', '2013-09-30', '请客、饭钱、宿费、班费、协费、车票等', 'pay', '3', ''),
(21, '大一第一学期10月份支出', '660.0', '2013-10-31', '饭钱、东西', 'pay', '3', ''),
(22, '大一第一学期11月份支出', '800.8', '2013-11-30', '饭钱', 'pay', '3', ''),
(23, '大一第一学期12月份支出', '1274.0', '2013-12-31', '请客、饭钱、追求之礼物、东西', 'pay', '3', ''),
(24, '大一第一学期1月份支出', '390.3', '2014-01-10', '饭钱、车票、东西', 'pay', '3', ''),
(25, '大一第一学期后寒假支出', '526.0', '2014-02-01', '高中聚会、东西、买眼镜', 'pay', '3', ''),
(26, '笔记本', '3650.0', '2014-02-12', '买电脑', 'pay', '3', ''),
(27, '大一第一学期零碎支出', '1000.0', '2013-08-31', '开学饭卡、零用钱、杂费、电话费', 'pay', '3', ''),
(28, '大一第二学期2月份支出', '455.5', '2014-02-12', '饭钱、东西、网费、电话费', 'pay', '3', ''),
(29, '大一第二学期3月份支出', '1141.0', '2014-03-30', '宿费、饭钱、电话费', 'pay', '3', ''),
(30, '大一第二学期4月份支出', '2226.0', '2014-04-29', '饭钱、捐款、旅游、宿费、换届940', 'pay', '3', ''),
(31, '大一第二学期5月份支出', '628.0', '2014-05-31', '送师兄花、饭钱、车票、电话费，宿费', 'pay', '3', ''),
(32, '运动支出', '63.8', '2014-06-03', '羽毛球', 'pay', '3', ''),
(33, '生日礼物', '225.0', '2014-06-02', '送给晓萍妹妹手表,二姐结婚礼物', 'pay', '3', ''),
(34, '超市支出', '231.0', '2014-06-02', '买西瓜、荔枝、沐浴露，充饭卡', 'pay', '3', ''),
(35, '外边吃饭', '17.0', '2014-06-05', '与好同学到外吃饭', 'pay', '3', ''),
(36, '同乡会费用', '512', '2014-06-10', '欢送师兄', 'pay', '3', ''),
(37, '同乡会费用', '45', '2014-06-06', '车费', 'pay', '3', ''),
(38, '杂费', '77.0', '2013-08-27', '大姐、二姐', 'pay', '3', ''),
(39, '宿费', '50.0', '2014-06-08', '充电卡、宿费剩49.5', 'pay', '3', ''),
(40, '剪发', '40.5', '2014-06-12', '剪发、车费、小吃', 'pay', '3', ''),
(41, '送老爸礼物', '69.0', '2014-06-15', '父亲节，送老爸剃胡自动器', 'pay', '3', ''),
(42, '充饭卡', '400.0', '2014-06-16', '饭钱', 'pay', '3', ''),
(43, '充话费', '30.0', '2014-06-25', '手机', 'pay', '3', ''),
(44, '买东西', '11.0', '2014-06-27', '买西瓜宿舍一起吃', 'pay', '3', ''),
(45, '请客', '100.0', '2014-07-02', '请大三师兄们', 'pay', '3', ''),
(46, '买东西', '23.0', '2014-07-04', '买台灯', 'pay', '3', ''),
(47, '买东西', '14.5', '2014-07-10', '买东西', 'pay', '3', ''),
(48, '充饭卡', '50.0', '2014-07-10', '充饭卡', 'pay', '3', ''),
(49, '买东西', '19.0', '2014-07-12', '买水果汁', 'pay', '3', ''),
(50, '剪发', '51.0', '2014-07-15', '剪发', 'pay', '3', ''),
(51, '跑步', '1.5', '2014-07-15', '买水', 'pay', '3', ''),
(52, '买东西', '82.0', '2014-07-22', '买眼镜框80', 'pay', '3', '');

-- --------------------------------------------------------

--
-- 表的结构 `walle_access`
--

CREATE TABLE IF NOT EXISTS `walle_access` (
  `role_id` smallint(6) unsigned NOT NULL,
  `node_id` smallint(6) unsigned NOT NULL,
  `level` tinyint(1) NOT NULL,
  `module` varchar(50) DEFAULT NULL,
  KEY `groupId` (`role_id`),
  KEY `nodeId` (`node_id`)
) ENGINE=InnoDB DEFAULT CHARSET=utf8;

-- --------------------------------------------------------

--
-- 表的结构 `walle_action_log`
--

CREATE TABLE IF NOT EXISTS `walle_action_log` (
  `id` int(10) NOT NULL AUTO_INCREMENT,
  `user_id` int(10) NOT NULL,
  `action` varchar(30) NOT NULL,
  `create_time` int(11) NOT NULL,
  `ip` varchar(25) NOT NULL,
  `type` varchar(20) NOT NULL,
  PRIMARY KEY (`id`)
) ENGINE=InnoDB  DEFAULT CHARSET=utf8 AUTO_INCREMENT=106 ;

--
-- 转存表中的数据 `walle_action_log`
--

INSERT INTO `walle_action_log` (`id`, `user_id`, `action`, `create_time`, `ip`, `type`) VALUES
(74, 35, '用户登录！', 1410916533, '127.0.0.1', 'login'),
(75, 35, '用户登录！', 1410917622, '127.0.0.1', 'login'),
(76, 35, '用户登录！', 1410917628, '127.0.0.1', 'login'),
(77, 35, '用户登录！', 1411053999, '127.0.0.1', 'login'),
(78, 35, '用户登录！', 1411264454, '127.0.0.1', 'login'),
(79, 35, '用户登录！', 1411302176, '127.0.0.1', 'login'),
(80, 35, '用户登录！', 1411366672, '127.0.0.1', 'login'),
(81, 30, '用户登录！', 1411400189, '127.0.0.1', 'login'),
(82, 35, '用户登录！', 1411632542, '127.0.0.1', 'login'),
(83, 35, '用户登录！', 1411820100, '127.0.0.1', 'login'),
(84, 35, '用户登录！', 1412040622, '127.0.0.1', 'login'),
(85, 35, '用户登录！', 1412122277, '127.0.0.1', 'login'),
(86, 35, '用户登录！', 1412153726, '127.0.0.1', 'login'),
(87, 30, '用户登录！', 1412153977, '127.0.0.1', 'login'),
(88, 35, '用户登录！', 1412154028, '127.0.0.1', 'login'),
(89, 35, '用户登录！', 1412259890, '127.0.0.1', 'login'),
(90, 35, '用户登录！', 1412321858, '127.0.0.1', 'login'),
(91, 30, '用户登录！', 1412336756, '127.0.0.1', 'login'),
(92, 30, '用户登录！', 1412337037, '127.0.0.1', 'login'),
(93, 35, '用户登录！', 1412844919, '127.0.0.1', 'login'),
(94, 35, '用户登录！', 1413255141, '127.0.0.1', 'login'),
(95, 30, '用户登录！', 1413539831, '127.0.0.1', 'login'),
(96, 30, '用户登录！', 1413965673, '127.0.0.1', 'login'),
(97, 30, '用户登录！', 1413965708, '127.0.0.1', 'login'),
(98, 35, '用户登录！', 1415957897, '127.0.0.1', 'login'),
(99, 30, '用户登录！', 1415957913, '127.0.0.1', 'login'),
(100, 30, '用户登录！', 1416122433, '127.0.0.1', 'login'),
(101, 30, '用户登录！', 1416122548, '127.0.0.1', 'login'),
(102, 35, '用户登录！', 1416122588, '127.0.0.1', 'login'),
(103, 30, '用户登录！', 1418023873, '127.0.0.1', 'login'),
(104, 30, '用户登录！', 1425746317, '127.0.0.1', 'login'),
(105, 30, '用户登录！', 1425825027, '127.0.0.1', 'login');

-- --------------------------------------------------------

--
-- 表的结构 `walle_admin`
--

CREATE TABLE IF NOT EXISTS `walle_admin` (
  `uid` int(10) NOT NULL AUTO_INCREMENT,
  `name` varchar(20) NOT NULL,
  `email` varchar(32) NOT NULL,
  `title` varchar(40) NOT NULL,
  `password` varchar(32) NOT NULL,
  `reg_time` int(10) NOT NULL,
  `reg_ip` varchar(20) NOT NULL,
  `last_login_time` int(11) NOT NULL,
  `status` int(3) NOT NULL,
  `role_id` int(3) NOT NULL,
  PRIMARY KEY (`uid`)
) ENGINE=InnoDB  DEFAULT CHARSET=utf8 AUTO_INCREMENT=11 ;

--
-- 转存表中的数据 `walle_admin`
--

INSERT INTO `walle_admin` (`uid`, `name`, `email`, `title`, `password`, `reg_time`, `reg_ip`, `last_login_time`, `status`, `role_id`) VALUES
(9, 'admin', '654753115@qq.com', '', '8cc5246161037643e0372d5f9f1f9884', 1409447411, '127.0.0.1', 1410428633, 1, 2),
(10, 'walle', 'a654753115@qq.com', '', '8cc5246161037643e0372d5f9f1f9884', 1409447435, '127.0.0.1', 1410428374, 1, 2);

-- --------------------------------------------------------

--
-- 表的结构 `walle_bill_data`
--

CREATE TABLE IF NOT EXISTS `walle_bill_data` (
  `id` int(10) unsigned NOT NULL AUTO_INCREMENT,
  `name` varchar(225) NOT NULL,
  `value` double(11,1) NOT NULL,
  `content` varchar(225) NOT NULL,
  `time` datetime NOT NULL,
  `create_time` int(10) NOT NULL,
  `extra` varchar(50) NOT NULL,
  `type_id` int(3) NOT NULL,
  `uid` int(10) NOT NULL,
  `status` int(3) NOT NULL,
  `remark` text NOT NULL,
  `is_lock` tinyint(3) NOT NULL DEFAULT '0',
  PRIMARY KEY (`id`)
) ENGINE=InnoDB  DEFAULT CHARSET=utf8 AUTO_INCREMENT=684 ;

--
-- 转存表中的数据 `walle_bill_data`
--

INSERT INTO `walle_bill_data` (`id`, `name`, `value`, `content`, `time`, `create_time`, `extra`, `type_id`, `uid`, `status`, `remark`, `is_lock`) VALUES
(164, '生活工具', 129.0, '生活工具', '2014-05-25 00:00:00', 1412322317, '', 1, 35, 1, '', 0),
(165, '充值饭卡', 100.0, '在饭堂充值饭卡100元', '2014-05-28 00:00:00', 1412322317, '', 1, 35, 1, '', 0),
(166, '金芙13g纤麦巧克力', 8.5, '1包巧克力', '2014-06-02 00:00:00', 1412322317, '', 1, 35, 1, '', 0),
(167, '34G迷你碗装海鲜面', 2.5, '1盒', '2014-06-02 00:00:00', 1412322317, '', 1, 35, 1, '', 0),
(168, '41g公仔面迷你碗装牛肉面', 2.5, '1盒', '2014-06-02 00:00:00', 1412322317, '', 1, 35, 1, '', 0),
(169, '康师傅面霸拉面五包入香牛肉味', 17.5, '1袋', '2014-06-02 00:00:00', 1412322317, '', 1, 35, 1, '', 0),
(170, '375g洽洽早餐派香橙味', 10.8, '1袋', '2014-06-02 00:00:00', 1412322317, '', 1, 35, 1, '', 0),
(171, '西瓜半边', 6.0, '平分一个西瓜', '2014-06-02 00:00:00', 1412322317, '', 1, 35, 1, '', 0),
(172, '荔枝', 4.0, '平分一袋荔枝', '2014-06-02 00:00:00', 1412322317, '', 1, 35, 1, '', 0),
(173, '没有记下的支出', 156.0, '2014-06-02之前的支出', '2014-06-02 00:00:00', 1412322317, '', 1, 35, 1, '', 0),
(174, '充值饭卡', 200.0, '饭堂充值饭卡', '2014-06-07 00:00:00', 1412322317, '', 1, 35, 1, '', 0),
(175, '银行取钱手续费', 6.0, '取200元扣6元手续费', '2014-06-14 00:00:00', 1412322317, '', 1, 35, 1, '', 0),
(176, '交舍费', 50.0, '宿舍电费', '2014-06-14 00:00:00', 1412322317, '', 1, 35, 1, '', 0),
(177, '充饭卡', 200.0, '充值饭卡200元', '2014-06-18 00:00:00', 1412322317, '', 1, 35, 1, '', 0),
(178, '交班费', 20.0, '班费20元', '2014-06-18 00:00:00', 1412322317, '', 1, 35, 1, '', 0),
(179, '理发', 20.0, '在学校理发', '2014-06-19 00:00:00', 1412322317, '', 1, 35, 1, '', 0),
(180, '充值饭卡', 200.0, '综合楼充值饭卡200元', '2014-06-27 00:00:00', 1412322317, '', 1, 35, 1, '', 0),
(181, '西瓜', 3.0, '哎。。', '2014-06-27 00:00:00', 1412322317, '', 1, 35, 1, '', 0),
(182, '交舍费', 20.0, '舍费', '2014-07-02 00:00:00', 1412322317, '', 1, 35, 1, '', 0),
(183, '蒙牛纯牛奶', 6.0, '两瓶2*3', '2014-07-09 00:00:00', 1412322317, '', 1, 35, 1, '', 0),
(184, '明治牛奶巧克力24克', 6.5, '一小包6.5元，，贵', '2014-07-09 00:00:00', 1412322317, '', 1, 35, 1, '', 0),
(185, '42g旺仔牛奶糖-巧克力味', 6.0, '3元一包*2', '2014-07-09 00:00:00', 1412322317, '', 1, 35, 1, '', 0),
(186, '106g卡夫奥利奥缤纷双果', 6.0, '一盒', '2014-07-09 00:00:00', 1412322317, '', 1, 35, 1, '', 0),
(187, '买师兄的凳子', 23.0, '学校买大三毕业师兄凳子', '2014-07-09 00:00:00', 1412322317, '', 1, 35, 1, '', 0),
(188, '购买车票', 85.0, '学校购买直达阳江车票', '2014-07-09 00:00:00', 1412322317, '', 1, 35, 1, '', 0),
(189, '充值话费', 30.0, '充值话费补记', '2014-06-24 00:00:00', 1412322317, '', 1, 35, 1, '', 0),
(190, '充值Q币', 40.0, '充值QB40元', '2014-06-28 00:00:00', 1412322317, '', 1, 35, 1, '', 0),
(191, '乐活吃饭', 12.0, '吃饭', '2014-07-09 00:00:00', 1412322317, '', 1, 35, 1, '', 0),
(192, '文博鱿鱼卷', 7.5, '零食--文博鱿鱼卷一大袋', '2014-07-09 00:00:00', 1412322317, '', 1, 35, 1, '', 0),
(193, '士力架35g花生夹心巧克力味', 5.6, '两小包*2.8', '2014-07-09 00:00:00', 1412322317, '', 1, 35, 1, '', 0),
(194, '8313红莲牌雪白樟脑丸', 3.0, '樟脑丸，毁灭吧', '2014-07-09 00:00:00', 1412322317, '', 1, 35, 1, '', 0),
(195, '家里寄来的钱', 1000.0, '从家里寄来的钱', '2014-05-22 00:00:00', 1412322441, '', 2, 35, 1, '', 0),
(196, '家里寄来的钱', 1000.0, '从家里寄来的钱', '2014-06-24 00:00:00', 1412322441, '', 2, 35, 1, '', 0),
(259, '购买路由器', 54.4, '为了WiFi', '2014-07-23 00:00:00', 1412322317, '', 1, 35, 1, '', 0),
(260, '剪发', 5.0, '镇上剪发', '2014-08-01 00:00:00', 1412322317, '', 1, 35, 1, '', 0),
(262, '50G米老头蛋黄卷', 5.0, '1包', '2014-08-11 00:00:00', 1412322317, '', 1, 35, 1, '', 0),
(263, '0077樟脑丸', 4.0, '2*2.0 两包', '2014-08-11 00:00:00', 1412322317, '', 1, 35, 1, '', 0),
(264, '台南核桃粉 牛奶+钙', 28.0, '1袋', '2014-08-11 00:00:00', 1412322317, '', 1, 35, 1, '', 0),
(265, '袜子两双', 5.0, '镇上买，两双袜子', '2014-08-11 00:00:00', 1412322317, '', 1, 35, 1, '', 0),
(266, '耳塞一副', 30.0, '手机店买的', '2014-08-11 00:00:00', 1412322317, '', 1, 35, 1, '', 0),
(267, '买菜', 8.8, '苦瓜5.3和菜心3.5', '2014-08-11 00:00:00', 1412322317, '', 1, 35, 1, '', 0),
(269, '妈妈给的', 32.5, '买东西剩的', '2014-08-01 00:00:00', 1412322441, '', 2, 35, 1, '', 0),
(270, '付阉鸡钱', 6.0, '2只2*3', '2014-08-12 00:00:00', 1412322317, '', 1, 35, 1, '', 0),
(271, '身份证照片', 25.0, '办理身份证照片（即拿）', '2014-08-15 00:00:00', 1412322317, '', 1, 35, 1, '', 0),
(272, '办理身份证手续费', 20.0, '补办身份证手续费', '2014-08-15 00:00:00', 1412322317, '', 1, 35, 1, '', 0),
(273, '乘坐公交车', 3.0, '坐车车费', '2014-08-15 00:00:00', 1412322317, '', 1, 35, 1, '', 0),
(274, '充值自己手机话费', 30.0, '手机号13650962253', '2014-08-10 00:00:00', 1412322317, '', 1, 35, 1, '', 0),
(275, '买矿泉水一瓶', 2.0, '电鱼路上买的', '2014-08-15 00:00:00', 1412322317, '', 1, 35, 1, '', 0),
(276, '妈妈给的', 100.0, '照像等用的', '2014-08-15 00:00:00', 1412322441, '', 2, 35, 1, '', 0),
(277, '在银行存款2W', 20000.0, '银行存款，含学费', '2014-08-15 00:00:00', 1412322441, '', 2, 35, 1, '', 0),
(278, '家里给的', 100.0, '给吴家俊结婚礼钱', '2014-08-20 00:00:00', 1412322441, '', 2, 35, 1, '', 0),
(279, '吴家俊结婚封礼', 90.0, '封100元返还10元礼钱', '2014-08-20 00:00:00', 1412322317, '', 1, 35, 1, '', 0),
(280, '土豆购买电影', 5.0, '电影名称《美人鱼》', '2014-08-19 00:00:00', 1412322317, '', 1, 35, 1, '', 0),
(281, '坏账（数据遗失）', 177.1, '遗失数据', '2014-08-20 00:00:00', 1412322441, '', 2, 35, 1, '', 0),
(287, '家里给的', 800.0, '回校时给的', '2014-08-25 00:00:00', 1412322441, '', 2, 35, 1, '', 0),
(288, '车费', 18.0, '上阳春的车费', '2014-08-26 00:00:00', 1412322317, '', 1, 35, 1, '', 0),
(289, '车费', 95.0, '回华立学校包车车费', '2014-08-26 00:00:00', 1412322317, '', 1, 35, 1, '', 0),
(290, '吃饭', 12.0, '乐活吃饭', '2014-08-26 00:00:00', 1412322317, '', 1, 35, 1, '', 0),
(291, '车站买糖果', 8.0, '阳春车站买的', '2014-08-26 00:00:00', 1412322317, '', 1, 35, 1, '', 0),
(292, '烤鸡腿', 6.0, '阳春华润万家买的', '2014-08-26 00:00:00', 1412322317, '', 1, 35, 1, '', 0),
(293, '德芙摩卡棒仁巧克力碗装243g', 40.0, '阳春华润万家买的', '2014-08-26 00:00:00', 1412322317, '', 1, 35, 1, '', 0),
(294, '伊利优酸乳（草莓味）250ml', 1.6, '渴了就买啊', '2014-08-26 00:00:00', 1412322317, '', 1, 35, 1, '', 0),
(295, '帮史志宏冲话费', 20.0, '充值50欠他20返回30', '2014-08-26 00:00:00', 1412322317, '', 1, 35, 1, '', 0),
(296, '交学校杂费', 300.0, '交坑爹杂费', '2014-08-26 00:00:00', 1412322317, '', 1, 35, 1, '', 0),
(297, 'V2239维达130抽超韧纸巾', 17.8, '没纸了', '2014-08-27 00:00:00', 1412322317, '', 1, 35, 1, '', 0),
(298, '500g宏事达哆啦A梦铜锣烧红豆', 11.8, '买来吃的', '2014-08-27 00:00:00', 1412322317, '', 1, 35, 1, '', 0),
(299, '玉丽牙刷', 3.5, '牙刷坏了', '2014-08-27 00:00:00', 1412322317, '', 1, 35, 1, '', 0),
(300, '特大号袋子', 0.5, '装东西', '2014-08-27 00:00:00', 1412322317, '', 1, 35, 1, '', 0),
(301, '1.36kg汰渍洗衣粉', 10.8, '洗衣服', '2014-08-27 00:00:00', 1412322317, '', 1, 35, 1, '', 0),
(302, '小黑饼300G奶油', 6.5, '零食', '2014-08-27 00:00:00', 1412322317, '', 1, 35, 1, '', 0),
(303, '400ml飘柔滋润去屑洗发水', 24.8, '洗头', '2014-08-27 00:00:00', 1412322317, '', 1, 35, 1, '', 0),
(304, '100g永康葱油薄饼', 4.0, '2*2包', '2014-08-27 00:00:00', 1412322317, '', 1, 35, 1, '', 0),
(305, '妙娇雨伞童巾', 8.0, '洗脸用的', '2014-08-27 00:00:00', 1412322317, '', 1, 35, 1, '', 0),
(306, '720ml舒肤佳纯白清香沐浴露', 32.8, '洗澡用的', '2014-08-27 00:00:00', 1412322317, '', 1, 35, 1, '', 0),
(307, '140g黑人水清新牙膏', 11.8, '刷牙', '2014-08-27 00:00:00', 1412322317, '', 1, 35, 1, '', 0),
(309, '乐活吃饭', 12.0, '饭堂人多啊', '2014-08-27 00:00:00', 1412322317, '', 1, 35, 1, '', 0),
(310, '充值饭卡', 200.0, '充值饭卡', '2014-08-27 00:00:00', 1412322317, '', 1, 35, 1, '', 0),
(311, '宿舍叫外卖', 11.0, '饿了啊，叫了试试', '2014-08-28 00:00:00', 1412322317, '', 1, 35, 1, '', 0),
(312, '学费', 17930.0, '银行扣除学费', '2014-08-19 00:00:00', 1412322317, '', 1, 35, 1, '', 0),
(313, '乐活吃饭', 12.0, '中午外出吃饭', '2014-09-01 00:00:00', 1412322317, '', 1, 35, 1, '', 0),
(314, '台灯', 36.0, '淘宝买的', '2014-09-03 00:00:00', 1412322317, '', 1, 35, 1, '', 0),
(315, '乐活买零食', 5.0, '葱油饼', '2014-09-03 00:00:00', 1412322317, '', 1, 35, 1, '', 0),
(319, '乐活吃饭', 12.0, '吃饭', '2014-09-06 00:00:00', 1412322317, '', 1, 35, 1, '', 0),
(320, '0373家逸牙签', 2.5, '剔牙', '2014-09-06 00:00:00', 1412322317, '', 1, 35, 1, '', 0),
(321, '2081牙签筒', 1.5, '装牙签', '2014-09-06 00:00:00', 1412322317, '', 1, 35, 1, '', 0),
(322, '755正牛三插4米', 28.5, '插座', '2014-09-06 00:00:00', 1412322317, '', 1, 35, 1, '', 0),
(323, '买练习本子', 1.2, '2*06', '2014-09-06 00:00:00', 1412322317, '', 1, 35, 1, '', 0),
(324, '买糕点', 5.0, '学校超市买的', '2014-09-05 00:00:00', 1412322317, '', 1, 35, 1, '', 0),
(325, '优乐美', 5.0, '学校买的', '2014-09-05 00:00:00', 1412322317, '', 1, 35, 1, '', 0),
(326, '车费来回', 8.0, '去万达广场，去3，回来5', '2014-09-07 00:00:00', 1412322317, '', 1, 35, 1, '', 0),
(327, '买香蕉', 10.5, '乐活买的', '2014-09-07 00:00:00', 1412322317, '', 1, 35, 1, '', 0),
(328, '乐活中午吃饭', 12.0, '午饭时间', '2014-09-07 00:00:00', 1412322317, '', 1, 35, 1, '', 0),
(329, '乐活吃晚饭', 7.0, '炒河粉一碟', '2014-09-07 00:00:00', 1412322317, '', 1, 35, 1, '', 0),
(330, '夏桑菊颗粒10包', 7.5, '和海杰平分一袋', '2014-09-06 00:00:00', 1412322317, '', 1, 35, 1, '', 0),
(331, '充值饭卡', 300.0, '饭卡没钱了', '2014-09-09 00:00:00', 1412322317, '', 1, 35, 1, '', 0),
(332, '乐活吃晚饭', 12.0, '饿了', '2014-09-09 00:00:00', 1412322317, '', 1, 35, 1, '', 0),
(333, '买笔记本', 5.5, '一个本子', '2014-09-09 00:00:00', 1412322317, '', 1, 35, 1, '', 0),
(334, '文具', 23.0, '笔芯，一支笔，透明胶', '2014-09-09 00:00:00', 1412322317, '', 1, 35, 1, '', 0),
(335, '交舍费', 80.0, '交舍费', '2014-09-10 00:00:00', 1412322317, '', 1, 35, 1, '', 0),
(336, '车费', 6.0, '来回车费', '2014-09-14 00:00:00', 1412322317, '', 1, 35, 1, '', 0),
(337, '羽毛球拍', 79.9, '打羽毛球', '2014-09-14 00:00:00', 1412322317, '', 1, 35, 1, '', 0),
(338, '手机数据线', 10.0, '小米3数据线坏了', '2014-09-14 00:00:00', 1412322317, '', 1, 35, 1, '', 0),
(339, 'DLX液', 44.0, '网上购买', '2014-09-14 00:00:00', 1412322317, '', 1, 35, 1, '', 0),
(340, '剪发', 15.0, '头发长了', '2014-09-14 00:00:00', 1412322317, '', 1, 35, 1, '', 0),
(341, '交英语4级考试费', 36.0, '考四级', '2014-09-13 00:00:00', 1412322317, '', 1, 35, 1, '', 0),
(343, '火龙果', 1.8, '吃的', '2014-09-19 00:00:00', 1412322317, '', 1, 35, 1, '', 0),
(344, '公仔四连包牛肉面', 9.5, '吃的', '2014-09-19 00:00:00', 1412322317, '', 1, 35, 1, '', 0),
(345, '鱿鱼丝', 4.6, '吃的', '2014-09-19 00:00:00', 1412322317, '', 1, 35, 1, '', 0),
(346, '烤鱿鱼', 5.0, '吃的', '2014-09-19 00:00:00', 1412322317, '', 1, 35, 1, '', 0),
(347, '乐活吃饭', 12.0, '饿了', '2014-09-19 00:00:00', 1412322317, '', 1, 35, 1, '', 0),
(348, '交书费', 200.0, '上学期书费', '2014-09-19 00:00:00', 1412322317, '', 1, 35, 1, '', 0),
(349, '中午吃饭', 4.5, '借别人的卡', '2014-09-21 00:00:00', 1412322317, '', 1, 35, 1, '', 0),
(350, '充值饭卡', 100.0, '饭卡没钱', '2014-09-28 00:00:00', 1412322317, '', 1, 35, 1, '', 0),
(352, '乐活吃饭', 12.0, '饿了啊', '2014-10-01 00:00:00', 1412322317, '', 1, 35, 1, '', 0),
(353, '360g达利园法式软面包香橙味', 10.7, '当零食', '2014-10-01 00:00:00', 1412322317, '', 1, 35, 1, '', 0),
(354, '280g银鹭好粥道椰奶燕麦粥', 3.7, '吃的', '2014-10-01 00:00:00', 1412322317, '', 1, 35, 1, '', 0),
(355, '五连包康师傅经典香菇炖鸡', 11.8, '宵夜吃的', '2014-10-01 00:00:00', 1412322317, '', 1, 35, 1, '', 0),
(356, '248g富新园加李皇', 9.7, '黑加仑', '2014-10-01 00:00:00', 1412322317, '', 1, 35, 1, '', 0),
(357, '优乐美', 4.0, '1*四包', '2014-10-01 00:00:00', 1412322317, '', 1, 35, 1, '', 0),
(358, '大号袋', 0.3, '袋子一个', '2014-10-01 00:00:00', 1412322317, '', 1, 35, 1, '', 0),
(359, '香蕉', 4.0, '两条香蕉', '2014-10-01 00:00:00', 1412322317, '', 1, 35, 1, '', 0),
(360, '小番茄', 2.5, '一小袋', '2014-10-01 00:00:00', 1412322317, '', 1, 35, 1, '', 0),
(361, '充话费', 30.0, '没话费了', '2014-10-01 00:00:00', 1412322317, '', 1, 35, 1, '', 0),
(362, '乐活吃饭', 12.0, '饿了啊', '2014-10-02 00:00:00', 1412322317, '', 1, 35, 1, '', 0),
(369, '宿舍费用收缴', 10000.0, '舍费哦', '2014-10-03 00:00:00', 1412336344, '1', 3, 35, 1, '', 0),
(370, '宿舍聚会', 5000.0, '舍费！！', '2014-10-03 00:00:00', 1412336357, '0', 3, 35, 1, '', 0),
(371, '借给振杰', 100.0, '冲饭卡的钱', '2014-10-03 00:00:00', 1412337084, '1', 4, 35, 1, '', 0),
(381, '乐活吃饭', 12.0, '中午吃饭', '2014-10-04 00:00:00', 1412426034, '', 1, 35, 1, '', 0),
(382, '乐活吃午饭', 12.0, '有粥面子吃的', '2014-10-05 00:00:00', 1412488329, '', 1, 35, 1, '', 0),
(383, '羽毛球手胶', 16.8, '4个，运费6元', '2014-10-01 00:00:00', 1412488425, '', 1, 35, 1, '', 0),
(385, '出售剑灵游戏金币', 70.0, '卖了70，手续费10，真坑', '2014-10-05 00:00:00', 1412488528, '', 2, 35, 1, '', 0),
(386, '卖剑灵金币手续费', 10.0, '那么贵的手续费。坑', '2014-10-05 00:00:00', 1412488560, '', 1, 35, 1, '', 0),
(387, '羽毛球', 39.6, '两筒24只', '2014-10-07 00:00:00', 1412648072, '', 1, 35, 1, '', 0),
(388, '我的第一笔资金', 500000.0, '我必须要赚到的第一笔大资金！', '2018-10-11 00:00:00', 1412674733, '', 5, 35, 1, '杨东升', 1),
(389, '乐活吃饭', 12.0, '吃晚饭', '2014-10-07 00:00:00', 1412681017, '', 1, 35, 1, '', 0),
(390, '还云帆30', 30.0, '吃饭的钱', '2014-10-07 00:00:00', 1412681059, '', 1, 35, 1, '', 0),
(391, '夏桑菊颗粒', 15.0, '上火了', '2014-10-07 00:00:00', 1412681099, '', 1, 35, 1, '', 0),
(392, '感冒药', 25.0, '预防一下', '2014-10-07 00:00:00', 1412681121, '', 1, 35, 1, '', 0),
(393, '月存一百', 100.0, '每个月至少存入一百', '2014-10-08 00:00:00', 1412748713, '388', 6, 35, 1, '', 0),
(394, '充饭卡', 200.0, '饭卡', '2014-10-09 00:00:00', 1412835861, '', 1, 35, 1, '', 0),
(395, '买牛仔裤', 48.6, '淘宝买的，被坑了', '2014-10-09 00:00:00', 1412835906, '', 1, 35, 1, '', 0),
(396, '清风纸巾12卷', 17.5, '没纸巾了', '2014-10-08 00:00:00', 1412837521, '', 1, 35, 1, '', 0),
(397, '单晶冰糖', 7.8, '糖来的', '2014-10-08 00:00:00', 1412837639, '', 1, 35, 1, '', 0),
(398, '购物袋子', 0.2, '装东西', '2014-10-08 00:00:00', 1412837658, '', 1, 35, 1, '', 0),
(399, '乐活吃饭', 12.0, '饿了', '2014-10-11 00:00:00', 1413027248, '', 1, 35, 1, '', 0),
(400, '买笔', 5.0, '之前的丢了', '2014-10-11 00:00:00', 1413027271, '', 1, 35, 1, '', 0),
(401, '两个本子', 3.0, '当草稿', '2014-10-11 00:00:00', 1413027288, '', 1, 35, 1, '', 0),
(402, '振杰', 20.0, '吃饭等的钱', '2014-10-11 00:00:00', 1413033253, '0', 4, 35, 1, '', 0),
(403, '月存', 100.0, '每月存款一百', '2014-10-11 00:00:00', 1413040452, '388', 6, 35, 1, '', 0),
(408, '大姐给的', 500.0, '大姐', '2010-12-20 00:00:00', 1413080988, '', 2, 35, 1, '', 0),
(409, '家里给的', 200.0, '来自家里', '2010-12-20 00:00:00', 1413081022, '', 2, 35, 1, '', 0),
(410, '家里', 700.0, '来自家里', '2011-01-23 00:00:00', 1413081056, '', 2, 35, 1, '', 0),
(411, '家里', 200.0, '来自家里', '2011-02-01 00:00:00', 1413081119, '', 2, 35, 1, '', 0),
(412, '家里', 2000.0, '开学总费用', '2011-02-13 00:00:00', 1413081168, '', 2, 35, 1, '', 0),
(413, '家里', 800.0, '来自家里，时间不定', '2011-03-01 00:00:00', 1413081301, '', 2, 35, 1, '', 0),
(414, '大姐', 600.0, '来自大姐，时间不定', '2011-03-01 00:00:00', 1413081339, '', 2, 35, 1, '', 0),
(415, '来自家里', 500.0, '来自家里', '2011-05-03 00:00:00', 1413081410, '', 2, 35, 1, '', 0),
(416, '家里', 700.0, '来自家里', '2011-06-09 00:00:00', 1413081444, '', 2, 35, 1, '', 0),
(417, '大姐', 300.0, '来自大姐', '2011-06-26 00:00:00', 1413081473, '', 2, 35, 1, '', 0),
(418, '家里', 400.0, '来自家里', '2011-07-07 00:00:00', 1413081531, '', 2, 35, 1, '', 0),
(419, '大姐', 50.0, '大姐，帮我充话费', '2011-07-09 00:00:00', 1413081575, '', 2, 35, 1, '', 0),
(420, '家里', 1500.0, '来自家里', '2011-08-30 00:00:00', 1413081651, '', 2, 35, 1, '', 0),
(421, '个人工资', 1300.0, '做暑期工的工资', '2011-09-01 00:00:00', 1413081716, '', 2, 35, 1, '', 0),
(422, '家里', 100.0, '来自家里', '2011-10-02 00:00:00', 1413081740, '', 2, 35, 1, '', 0),
(423, '家里', 500.0, '来自家里', '2011-10-07 00:00:00', 1413081786, '', 2, 35, 1, '', 0),
(424, '大姐', 100.0, '来自大姐', '2011-10-04 00:00:00', 1413081805, '', 2, 35, 1, '', 0),
(425, '家里', 200.0, '来自家里，时间不定', '2011-10-04 00:00:00', 1413081865, '', 2, 35, 1, '', 0),
(426, '大姐', 2050.0, '来自大姐，时间不定', '2011-12-01 00:00:00', 1413082005, '', 2, 35, 1, '', 0),
(427, '家里', 225.0, '来自家里', '2012-01-03 00:00:00', 1413082043, '', 2, 35, 1, '', 0),
(428, '家里', 2200.0, '来自家里，含学费', '2012-02-05 00:00:00', 1413082091, '', 2, 35, 1, '', 0),
(429, '大姐', 1000.0, '来自大姐', '2012-02-15 00:00:00', 1413082113, '', 2, 35, 1, '', 0),
(430, '家里', 320.0, '来自家里，时间不定', '2012-05-01 00:00:00', 1413082167, '', 2, 35, 1, '', 0),
(431, '家里', 500.0, '来自家里', '2012-05-21 00:00:00', 1413082217, '', 2, 35, 1, '', 0),
(432, '家里', 1100.0, '来自家里', '2012-08-05 00:00:00', 1413082237, '', 2, 35, 1, '', 0),
(433, '家里', 500.0, '来自家里', '2012-09-13 00:00:00', 1413082261, '', 2, 35, 1, '', 0),
(434, '家里', 2000.0, '来自家里，含学费', '2012-09-02 00:00:00', 1413082299, '', 2, 35, 1, '', 0),
(435, '大姐', 510.0, '大姐结婚', '2012-10-01 00:00:00', 1413082339, '', 2, 35, 1, '', 0),
(436, '家里', 925.0, '来自家里', '2012-10-03 00:00:00', 1413082380, '', 2, 35, 1, '', 0),
(437, '家里', 120.0, '来自家里', '2012-10-28 00:00:00', 1413082401, '', 2, 35, 1, '', 0),
(438, '家里给的', 520.0, '来自家里', '2012-11-19 00:00:00', 1413082426, '', 2, 35, 1, '', 0),
(439, '家里', 250.0, '来自家里', '2012-11-25 00:00:00', 1413082460, '', 2, 35, 1, '', 0),
(440, '家里', 200.0, '来自家里', '2012-12-02 00:00:00', 1413082480, '', 2, 35, 1, '', 0),
(441, '家里', 172.0, '来自家里', '2012-12-10 00:00:00', 1413082500, '', 2, 35, 1, '', 0),
(442, '家里', 550.0, '来自家里', '2012-12-16 00:00:00', 1413082531, '', 2, 35, 1, '', 0),
(443, '家里给的', 430.0, '来自家里', '2013-01-04 00:00:00', 1413082597, '', 2, 35, 1, '', 0),
(444, '家里', 400.0, '来自家里', '2013-01-14 00:00:00', 1413082614, '', 2, 35, 1, '', 0),
(445, '家里', 240.0, '来自家里', '2013-01-28 00:00:00', 1413082639, '', 2, 35, 1, '', 0),
(446, '红包', 550.0, '过年红包', '2013-02-05 00:00:00', 1413082700, '', 2, 35, 1, '', 0),
(447, '家里', 2500.0, '来自家里，含学费，遗失了', '2013-02-15 00:00:00', 1413082756, '', 2, 35, 1, '', 0),
(448, '家里', 1280.0, '来自家里', '2013-03-04 00:00:00', 1413082793, '', 2, 35, 1, '', 0),
(449, '收手续费', 0.7, '帮别人充话费赚的', '2013-03-07 00:00:00', 1413082839, '', 2, 35, 1, '', 0),
(450, '家里', 320.0, '来自家里', '2013-03-12 00:00:00', 1413082885, '', 2, 35, 1, '', 0),
(451, '家里', 555.0, '来自家里', '2013-03-31 00:00:00', 1413082903, '', 2, 35, 1, '', 0),
(452, '家里', 200.0, '来自家里', '2013-04-05 00:00:00', 1413082922, '', 2, 35, 1, '', 0),
(453, '家里', 300.0, '来自家里', '2013-04-13 00:00:00', 1413082954, '', 2, 35, 1, '', 0),
(454, '家里', 520.0, '来自家里', '2013-05-01 00:00:00', 1413082969, '', 2, 35, 1, '', 0),
(455, '家里', 430.0, '来自家里', '2013-05-12 00:00:00', 1413082985, '', 2, 35, 1, '', 0),
(456, '来自家里', 22100.0, '来自家里，含大学学费', '2013-08-18 00:00:00', 1413083048, '', 2, 35, 1, '', 0),
(457, '家里', 300.0, '来自家里', '2013-08-31 00:00:00', 1413083064, '', 2, 35, 1, '', 0),
(458, '大姐', 100.0, '来自大姐', '2013-08-31 00:00:00', 1413083088, '', 2, 35, 1, '', 0),
(459, '家里', 2000.0, '来自家里', '2013-10-01 00:00:00', 1413083114, '', 2, 35, 1, '', 0),
(460, '家里', 2200.0, '来自家里', '2013-12-01 00:00:00', 1413083133, '', 2, 35, 1, '', 0),
(461, '旧数据未记录', 58217.7, '2013年之前的所有支出', '2013-12-31 00:00:00', 1413083390, '', 1, 35, 1, '', 0),
(462, '传单打印', 160.0, '这个系统的传单印发', '2014-10-12 00:00:00', 1413172000, '', 1, 35, 1, '', 0),
(463, '借海杰', 110.0, '交cad考试报名费', '2014-10-14 00:00:00', 1413217086, '1', 4, 35, 1, '', 0),
(464, '发传单人工费用', 33.0, '帮忙派传单费用', '2014-10-16 00:00:00', 1413474167, '', 1, 35, 1, '', 0),
(465, '借海杰吃饭', 9.0, '吃完饭', '2014-10-17 00:00:00', 1413539905, '1', 4, 35, 1, '', 0),
(466, '借海杰吃饭', 9.0, '楼下打包', '2014-10-18 00:00:00', 1413627778, '1', 4, 35, 1, '', 0),
(467, '买美体英雄联盟账号', 10.0, '1天时间', '2014-10-18 00:00:00', 1413627822, '', 1, 35, 1, '', 0),
(468, '云帆', 10.0, '吃晚饭', '2014-10-19 00:00:00', 1413731468, '0', 4, 35, 1, '', 0),
(469, '吃晚饭', 10.0, '叫外卖的', '2014-10-19 00:00:00', 1413731489, '', 1, 35, 1, '', 0),
(470, '法式面包', 8.0, '没干粮了', '2014-10-19 00:00:00', 1413731514, '', 1, 35, 1, '', 0),
(471, '充饭卡', 50.0, '中午充的', '2014-10-20 00:00:00', 1413818885, '', 1, 35, 1, '', 0),
(472, '充饭卡', 200.0, '饭卡没钱了', '2014-10-21 00:00:00', 1413882888, '', 1, 35, 1, '', 0),
(473, '买苹果', 5.5, '水果', '2014-11-02 00:00:00', 1414887564, '', 1, 35, 1, '', 0),
(474, '东芝16g U盘', 48.0, '东芝16g U盘', '2014-11-02 00:00:00', 1414887672, '', 1, 35, 1, '', 0),
(475, '来自家里', 1000.0, '家里给的', '2014-11-02 00:00:00', 1414887707, '', 2, 35, 1, '', 0),
(476, '买了云帆的螺丝批', 5.0, '多类型的', '2014-11-02 00:00:00', 1414892368, '', 1, 35, 1, '', 0),
(477, '借振杰', 48.0, '买U盘', '2014-11-03 00:00:00', 1415009207, '1', 4, 35, 1, '', 0),
(478, '充话费', 20.0, '没话费了', '2014-11-03 00:00:00', 1415009323, '', 1, 35, 1, '', 0),
(479, '充饭卡', 200.0, '充值饭卡', '2014-11-04 00:00:00', 1415098591, '', 1, 35, 1, '', 0),
(480, '中午乐活吃饭', 12.0, '吃饭', '2014-11-05 00:00:00', 1415162874, '', 1, 35, 1, '', 0),
(481, '借学书12', 12.0, '吃饭的钱', '2014-11-05 00:00:00', 1415162916, '0', 4, 35, 1, '', 0),
(482, '外套衣服', 150.0, '挂绿广场买的', '2014-11-08 00:00:00', 1415438587, '', 1, 35, 1, '', 0),
(483, '裤子', 40.0, '两条裤子，20元一条', '2014-11-08 00:00:00', 1415438614, '', 1, 35, 1, '', 0),
(484, '喝奶茶', 5.0, '乐活的', '2014-11-08 00:00:00', 1415438757, '', 1, 35, 1, '', 0),
(485, '购买米币', 10.0, '一比一', '2014-11-08 00:00:00', 1415454073, '', 1, 35, 1, '', 0),
(486, '乐活买橘子', 5.0, '一袋橘子', '2014-11-08 00:00:00', 1415454333, '', 1, 35, 1, '', 0),
(487, '面包', 12.0, '骑自行车--早餐', '2014-11-09 00:00:00', 1415532946, '', 1, 35, 1, '', 0),
(488, '汽水-可口可乐', 4.0, '骑自行车', '2014-11-09 00:00:00', 1415532979, '', 1, 35, 1, '', 0),
(489, '路上小吃', 6.5, '骑自行车', '2014-11-09 00:00:00', 1415533021, '', 1, 35, 1, '', 0),
(490, '吃饭', 17.5, '骑自行车晚饭', '2014-11-09 00:00:00', 1415533043, '', 1, 35, 1, '', 0),
(491, '自行车费用', 15.0, '骑自行车一天', '2014-11-09 00:00:00', 1415533071, '', 1, 35, 1, '', 0),
(492, '欠饭钱', 17.5, '骑自行车饭钱', '2014-11-09 00:00:00', 1415533186, '0', 4, 35, 1, '', 0),
(493, '干红葡萄酒高炉骑士', 26.9, '天猫购买', '2014-11-11 00:00:00', 1415771210, '', 1, 35, 1, '', 0),
(494, '乔丹跑步鞋', 127.6, '天猫购买', '2014-11-11 00:00:00', 1415771260, '', 1, 35, 1, '', 0),
(495, '徐福记八庄鸡蛋沙琪玛', 9.8, '2小袋装 优惠', '2014-11-15 00:00:00', 1416045790, '', 1, 35, 1, '', 0),
(496, '10+2维达超韧迷你无香纸巾V0036', 6.5, '纸巾', '2014-11-15 00:00:00', 1416045845, '', 1, 35, 1, '', 0),
(497, '洗衣粉', 12.5, '洗衣粉', '2014-11-15 00:00:00', 1416045862, '', 1, 35, 1, '', 0),
(498, '狮王501X03酒杯', 6.0, '小酒杯', '2014-11-15 00:00:00', 1416045910, '', 1, 35, 1, '', 0),
(499, '胶勺子', 1.0, '餐具', '2014-11-15 00:00:00', 1416045953, '', 1, 35, 1, '', 0),
(500, '中号袋子', 0.2, '购物袋', '2014-11-15 00:00:00', 1416045972, '', 1, 35, 1, '', 0),
(501, '叫外卖', 13.0, '吃饭钱', '2014-11-15 00:00:00', 1416046025, '', 1, 35, 1, '', 0),
(502, '吃饭', 5.0, '学校吃汤面-用耿新的饭卡', '2014-11-15 00:00:00', 1416046162, '', 1, 35, 1, '', 0),
(503, '红酒开酒器', 12.0, '红酒开酒器', '2014-11-15 00:00:00', 1416046178, '', 1, 35, 1, '', 0),
(504, '欠海杰', 12.0, '买红酒开酒器', '2014-11-15 00:00:00', 1416046236, '0', 4, 35, 1, '', 0),
(505, '月存', 100.0, '月存账款', '2014-11-15 00:00:00', 1416046282, '388', 6, 35, 1, '', 0),
(506, '剪发', 20.0, '校内剪发', '2014-11-16 00:00:00', 1416121306, '', 1, 35, 1, '', 0),
(507, '乐活吃饭', 12.0, '吃晚饭', '2014-11-16 00:00:00', 1416152110, '', 1, 35, 1, '', 0),
(508, '大宝SOD面油', 9.0, '为了脸蛋保湿', '2014-11-16 00:00:00', 1416152149, '', 1, 35, 1, '', 0),
(509, '充值饭卡', 200.0, '充饭卡', '2014-11-20 00:00:00', 1416471402, '', 1, 35, 1, '', 0),
(510, '充米币', 40.0, '充值小米币，总价', '2014-11-21 00:00:00', 1416546811, '', 1, 35, 1, '', 0),
(511, '欠云帆', 10.0, '饭钱', '2014-11-23 00:00:00', 1416674123, '0', 4, 35, 1, '', 0),
(512, '振杰', 12.0, '00', '2014-11-24 00:00:00', 1416821566, '1', 4, 35, 1, '', 0),
(513, '欠海杰', 20.0, '0', '2014-11-24 00:00:00', 1416821587, '0', 4, 35, 1, '', 0),
(514, '买羽毛球', 32.0, '羽毛球12个一筒', '2014-11-24 00:00:00', 1416821608, '', 1, 35, 1, '', 0),
(515, '吃饭', 10.0, '叫外卖', '2014-11-24 00:00:00', 1416821665, '', 1, 35, 1, '', 0),
(516, '吃饭', 10.0, '叫外卖', '2014-11-24 00:00:00', 1416821676, '', 1, 35, 1, '', 0),
(517, '吃饭', 10.0, '叫外卖', '2014-11-26 00:00:00', 1417054212, '', 1, 35, 1, '', 0),
(518, '充饭卡', 100.0, '充值饭卡', '2014-11-27 00:00:00', 1417062073, '', 1, 35, 1, '', 0),
(519, '家里', 2000.0, '家里给的', '2014-12-02 00:00:00', 1417513808, '', 2, 35, 1, '', 0),
(520, '充值饭卡', 200.0, '充值饭卡', '2014-12-02 00:00:00', 1417513943, '', 1, 35, 1, '', 0),
(521, '月存', 100.0, '月存账款', '2014-12-02 00:00:00', 1417514072, '388', 6, 35, 1, '', 0),
(522, '充值话费', 30.2, '话费贵了4毛钱！！', '2014-12-03 00:00:00', 1417572626, '', 1, 35, 1, '', 0),
(523, '寄快递', 10.0, '韵达快递', '2014-12-03 00:00:00', 1417590903, '', 1, 35, 1, '', 0),
(524, '家会香288g铜锣烧', 8.5, '香芋味', '2014-12-03 00:00:00', 1417590950, '', 1, 35, 1, '', 0),
(525, '阿胶红枣', 4.5, '零食', '2014-12-03 00:00:00', 1417590999, '', 1, 35, 1, '', 0),
(526, '充饭卡', 100.0, '充值饭卡', '2014-12-11 00:00:00', 1418287313, '', 1, 35, 1, '', 0),
(527, '借海杰', 10.0, '0', '2014-12-13 00:00:00', 1418465701, '1', 4, 35, 1, '', 0),
(528, '振杰', 10.0, '0', '2014-12-13 00:00:00', 1418465710, '1', 4, 35, 1, '', 0),
(529, '海杰', 10.0, '0', '2014-12-14 00:00:00', 1418532341, '1', 4, 35, 1, '', 0),
(530, '振杰', 10.0, '0', '2014-12-14 00:00:00', 1418532348, '1', 4, 35, 1, '', 0),
(531, '叫外卖', 10.0, '午饭', '2014-12-14 00:00:00', 1418532361, '', 1, 35, 1, '', 0),
(532, '叫外卖', 10.0, '午饭', '2014-12-13 00:00:00', 1418532389, '', 1, 35, 1, '', 0),
(533, '叫耿新打饭', 6.0, '午饭', '2014-12-12 00:00:00', 1418532594, '', 1, 35, 1, '', 0),
(534, '买眼药水', 15.0, '云帆帮忙买的', '2014-12-14 00:00:00', 1418546725, '', 1, 35, 1, '', 0),
(535, '冲饭卡', 100.0, '充饭卡', '2014-12-16 00:00:00', 1418703547, '', 1, 35, 1, '', 0),
(536, '中午叫外卖', 10.0, '午饭', '2014-12-19 00:00:00', 1418966195, '', 1, 35, 1, '', 0),
(537, '借海杰', 10.0, '中午叫外卖', '2014-12-19 00:00:00', 1418966210, '1', 4, 35, 1, '', 0),
(538, '乐活吃饭', 14.0, '吃麻辣烫', '2014-12-20 00:00:00', 1419072436, '', 1, 35, 1, '', 0),
(539, '买眼药水', 15.0, '云帆帮忙买的', '2014-12-21 00:00:00', 1419174514, '', 1, 35, 1, '', 0),
(540, '充饭卡', 200.0, '饭卡', '2014-12-23 00:00:00', 1419308059, '', 1, 35, 1, '', 0),
(541, '特殊物品', 48.0, '生活用品', '2014-12-12 00:00:00', 1419308255, '', 1, 35, 1, '', 0),
(542, '打印', 8.0, '打印挑战杯初稿和数据结构课程设计', '2014-12-23 00:00:00', 1419332203, '', 1, 35, 1, '', 0),
(543, '买秋千吊椅', 68.0, '宿舍吊椅', '2014-12-24 00:00:00', 1419401081, '', 1, 35, 1, '', 0),
(544, '借海杰', 48.0, '买秋千吊椅', '2014-12-24 00:00:00', 1419401099, '1', 4, 35, 1, '', 0),
(545, '叫外卖', 10.0, '海杰给的', '2014-12-28 00:00:00', 1419737017, '', 1, 35, 1, '', 0),
(546, '叫外卖', 10.0, '海杰给的', '2014-12-28 00:00:00', 1419737041, '', 1, 35, 1, '', 0),
(547, '叫外卖', 10.0, '海杰付款', '2014-12-28 00:00:00', 1419748122, '', 1, 35, 1, '', 0),
(548, '乐活吃饭', 12.0, '晚饭', '2015-01-01 00:00:00', 1420099799, '', 1, 35, 1, '', 0),
(549, '康师傅面', 12.0, '五包装', '2015-01-01 00:00:00', 1420099826, '', 1, 35, 1, '', 0),
(550, '维达纸巾', 12.0, '3包装', '2015-01-01 00:00:00', 1420099913, '', 1, 35, 1, '', 0),
(551, '优乐美', 8.0, '8包', '2015-01-01 00:00:00', 1420099925, '', 1, 35, 1, '', 0),
(552, '买香蕉', 7.0, '6条', '2014-12-30 00:00:00', 1420099964, '', 1, 35, 1, '', 0),
(553, '叫外卖', 11.0, '午饭', '2015-01-02 00:00:00', 1420184387, '', 1, 35, 1, '', 0),
(554, '月存', 100.0, '月存', '2015-01-02 00:00:00', 1420187098, '388', 6, 35, 1, '', 0),
(555, '乐活吃饭', 11.0, '晚饭', '2015-01-02 00:00:00', 1420199439, '', 1, 35, 1, '', 0),
(556, '葵花籽', 3.0, '一包', '2015-01-02 00:00:00', 1420199452, '', 1, 35, 1, '', 0),
(557, '火腿肠', 4.0, '火腿', '2015-01-02 00:00:00', 1420199504, '', 1, 35, 1, '', 0),
(558, '公仔面', 6.0, '2包', '2015-01-02 00:00:00', 1420199516, '', 1, 35, 1, '', 0),
(559, '珍珠奶茶', 6.0, '一杯', '2015-01-02 00:00:00', 1420199535, '', 1, 35, 1, '', 0),
(560, '买口罩', 30.0, '天猫', '2015-01-04 00:00:00', 1420341245, '', 1, 35, 1, '', 0),
(561, '充值饭卡', 100.0, '冲饭卡', '2015-01-04 00:00:00', 1420345436, '', 1, 35, 1, '', 0),
(562, '叫外卖', 10.0, '午饭', '2015-01-06 00:00:00', 1420518672, '', 1, 35, 1, '', 0),
(563, '借海杰', 5.0, '外卖的', '2015-01-06 00:00:00', 1420518694, '1', 4, 35, 1, '', 0),
(564, '振杰', 10.0, '吃饭', '2015-01-09 00:00:00', 1420779520, '0', 4, 35, 1, '', 0),
(565, '云帆', 10.0, '吃饭', '2015-01-09 00:00:00', 1420779529, '0', 4, 35, 1, '', 0),
(566, '海杰', 10.0, '中午外卖', '2015-01-11 00:00:00', 1420956256, '1', 4, 35, 1, '', 0),
(567, '叫外卖', 10.0, '午饭', '2015-01-12 00:00:00', 1421031598, '', 1, 35, 1, '', 0),
(568, '午饭', 10.0, '还振杰', '2015-01-12 00:00:00', 1421031623, '', 1, 35, 1, '', 0),
(569, '充话费', 50.0, '话费', '2015-01-12 00:00:00', 1421031718, '', 1, 35, 1, '', 0),
(570, '充饭卡', 100.0, '充饭卡', '2015-01-13 00:00:00', 1421134096, '', 1, 35, 1, '', 0),
(571, ' 借海杰', 32.0, '综合', '2015-01-14 00:00:00', 1421250296, '1', 4, 35, 1, '', 0),
(572, '叫外卖', 11.0, '午饭', '2015-01-16 00:00:00', 1421338424, '', 1, 35, 1, '', 0),
(573, '外卖', 10.0, '晚饭', '2015-01-16 00:00:00', 1421338439, '', 1, 35, 1, '', 0),
(575, '云帆', 5.0, '舍费', '2015-01-17 00:00:00', 1421465989, '0', 4, 35, 1, '', 0),
(576, '叫外卖', 11.0, '晚饭', '2015-01-17 00:00:00', 1421466005, '', 1, 35, 1, '', 0),
(577, '欠志宏', 22.0, '外卖', '2015-01-17 00:00:00', 1421485460, '0', 4, 35, 1, '', 0),
(578, '叫外卖', 11.0, '午饭', '2015-01-17 00:00:00', 1421485478, '', 1, 35, 1, '', 0),
(579, '海杰', 22.0, '午饭，2个人', '2015-01-18 00:00:00', 1421592649, '1', 4, 35, 1, '', 0),
(580, '志宏', 11.0, '午饭', '2015-01-18 00:00:00', 1421592660, '0', 4, 35, 1, '', 0),
(581, '叫外卖', 11.0, '午饭', '2015-01-18 00:00:00', 1421592774, '', 1, 35, 1, '', 0),
(582, '购买QB', 35.0, '买了一个lol瑞文皮肤', '2015-01-18 00:00:00', 1421592891, '', 1, 35, 1, '', 0),
(583, '海杰', 50.0, '充话费', '2015-01-19 00:00:00', 1421648614, '1', 4, 35, 1, '', 0),
(584, '海杰', 9.0, '中午吃饭', '2015-01-19 00:00:00', 1421648626, '1', 4, 35, 1, '', 0),
(585, '充值饭卡', 50.0, '饭卡', '2015-01-19 00:00:00', 1421648661, '', 1, 35, 1, '', 0),
(586, '月存', 100.0, '月存', '2015-02-01 00:00:00', 1425277676, '388', 6, 35, 1, '', 0),
(587, '月存', 100.0, '月存', '2015-03-02 00:00:00', 1425277687, '388', 6, 35, 1, '', 0),
(588, '家人', 5500.0, '家里给的', '2015-02-27 00:00:00', 1425277836, '', 2, 35, 1, '', 0),
(589, '车费', 166.0, '寒假回家车费', '2015-01-21 00:00:00', 1425278005, '', 1, 35, 1, '', 0),
(590, '回家花费', 100.0, '在家里使用的钱', '2015-02-28 00:00:00', 1425278061, '', 1, 35, 1, '', 0),
(591, '车费', 59.0, '来学校路费', '2015-03-01 00:00:00', 1425278122, '', 1, 35, 1, '', 0),
(592, '剪发', 46.0, '好贵', '2015-03-02 00:00:00', 1425278166, '', 1, 35, 1, '', 0),
(593, '吃午饭', 26.0, '好贵', '2015-03-02 00:00:00', 1425278208, '', 1, 35, 1, '', 0),
(594, '吃烤鱿鱼', 5.5, '路边小吃', '2015-03-02 00:00:00', 1425278233, '', 1, 35, 1, '', 0),
(595, '衬衫', 35.0, '衣服', '2015-03-02 00:00:00', 1425278260, '', 1, 35, 1, '', 0),
(596, '袜子', 18.0, '李宁袜子', '2015-03-02 00:00:00', 1425278316, '', 1, 35, 1, '', 0),
(597, '吃饭', 12.0, '乐活吃饭', '2015-03-01 00:00:00', 1425278348, '', 1, 35, 1, '', 0),
(598, '沐浴露', 32.8, '沐浴露', '2015-03-01 00:00:00', 1425278454, '', 1, 35, 1, '', 0),
(599, '维达纸巾', 17.8, '抽纸', '2015-03-01 00:00:00', 1425278490, '', 1, 35, 1, '', 0),
(600, '卷纸', 15.5, '卷纸', '2015-03-02 00:00:00', 1425278509, '', 1, 35, 1, '', 0),
(601, '洗发水', 28.5, '飘柔洗发水', '2015-03-01 00:00:00', 1425278561, '', 1, 35, 1, '', 0),
(602, '牙膏', 6.8, '高露洁', '2015-03-01 00:00:00', 1425278587, '', 1, 35, 1, '', 0),
(603, '牙刷', 3.5, '牙刷', '2015-03-01 00:00:00', 1425278610, '', 1, 35, 1, '', 0),
(604, '怡宝矿泉水', 3.0, '矿泉水', '2015-03-01 00:00:00', 1425278679, '', 1, 35, 1, '', 0),
(605, '袋子', 0.3, '购物袋', '2015-03-01 00:00:00', 1425278701, '', 1, 35, 1, '', 0),
(606, '橙子一袋', 11.0, '一袋', '2015-03-01 00:00:00', 1425278743, '', 1, 35, 1, '', 0),
(607, '充值话费', 30.0, '号码：13710393359 张玲', '2015-02-14 00:00:00', 1425279050, '', 1, 35, 1, '', 0),
(608, '大姐', 200.0, '过年红包', '2015-02-22 00:00:00', 1425279225, '', 2, 35, 1, '', 0),
(609, '大姐', 200.0, '路费', '2015-03-01 00:00:00', 1425279237, '', 2, 35, 1, '', 0),
(610, '坏账', 200.0, '账目坏账', '2015-03-02 00:00:00', 1425279537, '', 2, 35, 1, '', 0),
(611, '吃晚饭', 16.0, '麻辣烫', '2015-03-02 00:00:00', 1425310045, '', 1, 35, 1, '', 0),
(612, '充值饭卡', 200.0, '充饭卡', '2015-03-03 00:00:00', 1425357188, '', 1, 35, 1, '', 0),
(613, '交网费', 200.0, '给海杰', '2015-03-03 00:00:00', 1425357209, '', 1, 35, 1, '', 0),
(614, '吃饭', 6.0, '乐活吃饭', '2015-03-04 00:00:00', 1425743468, '', 1, 35, 1, '', 0),
(615, '冲剂-夏桑菊', 15.0, '降火', '2015-03-07 00:00:00', 1425743525, '', 1, 35, 1, '', 0),
(616, '衣刷', 3.5, '刷衣服', '2015-03-07 00:00:00', 1425743587, '', 1, 35, 1, '', 0),
(617, '蓝月亮洗衣液', 22.0, '手洗专用的', '2015-03-07 00:00:00', 1425743611, '', 1, 35, 1, '', 0),
(618, '内裤', 35.0, '没的穿了', '2015-03-07 00:00:00', 1425743637, '', 1, 35, 1, '', 0),
(619, '耳勺', 1.0, '挖耳勺', '2015-03-07 00:00:00', 1425743674, '', 1, 35, 1, '', 0),
(620, '晚上吃饭', 12.0, '乐活吃饭', '2015-03-07 00:00:00', 1425743718, '', 1, 35, 1, '', 0),
(621, '梳子', 2.5, '梳头发', '2015-03-07 00:00:00', 1425743830, '', 1, 35, 1, '', 0),
(622, '买鸡蛋', 2.0, '饿了', '2015-03-07 00:00:00', 1425743882, '', 1, 35, 1, '', 0),
(623, '充值话费', 50.0, '没话费了', '2015-03-08 00:00:00', 1425744269, '', 1, 35, 1, '', 0),
(624, '过年红包', 920.0, '总共1320', '2015-02-26 00:00:00', 1425828458, '', 2, 35, 1, '', 0),
(625, '吃饭', 10.0, '宿舍打火锅', '2015-03-09 00:00:00', 1425915556, '', 1, 35, 1, '', 0),
(626, '海杰', 10.0, '打火锅', '2015-03-09 00:00:00', 1425915579, '0', 4, 35, 1, '', 0),
(627, '车费', 4.0, '去挂绿来回车费', '2015-03-11 00:00:00', 1426160671, '', 1, 35, 1, '', 0),
(628, '吃饭', 16.0, '晚饭', '2015-03-11 00:00:00', 1426160681, '', 1, 35, 1, '', 0),
(629, '配眼镜', 280.0, '配眼镜', '2015-03-11 00:00:00', 1426160763, '', 1, 35, 1, '', 0),
(630, '买鞋子', 234.0, '乔丹板鞋', '2015-03-13 00:00:00', 1426247390, '', 1, 35, 1, '', 0),
(631, '吃饭', 12.0, '晚饭', '2015-03-13 00:00:00', 1426247404, '', 1, 35, 1, '', 0),
(632, '裤子', 79.0, '休闲裤', '2015-03-13 00:00:00', 1426247425, '', 1, 35, 1, '', 0),
(633, '吃夜宵', 2.5, '晚上煮面', '2015-03-13 00:00:00', 1426341720, '', 1, 35, 1, '', 0),
(634, '打饭', 7.0, '叫振杰打饭', '2015-03-14 00:00:00', 1426341753, '', 1, 35, 1, '', 0),
(635, '乐活吃饭', 12.0, '晚饭', '2015-03-15 00:00:00', 1426434015, '', 1, 35, 1, '', 0),
(636, '买水果', 5.0, '香蕉和芒果', '2015-03-15 00:00:00', 1426434030, '', 1, 35, 1, '', 0),
(637, '辣虾小包', 5.0, '1 * 5包', '2015-03-15 00:00:00', 1426434071, '', 1, 35, 1, '', 0),
(638, '四级考试费用', 36.0, '四级', '2015-03-18 00:00:00', 1426693169, '', 1, 35, 1, '', 0),
(639, '午饭', 12.0, '午饭', '2015-03-18 00:00:00', 1426693182, '', 1, 35, 1, '', 0),
(640, '午饭', 6.0, '乐活吃饭', '2015-03-23 00:00:00', 1427204163, '', 1, 35, 1, '', 0),
(641, '充值饭卡', 100.0, '没钱了', '2015-03-25 00:00:00', 1427292421, '', 1, 35, 1, '', 0),
(642, '打火锅饭钱', 15.0, '宿舍打火锅', '2015-03-26 00:00:00', 1427385599, '', 1, 35, 1, '', 0),
(643, '鹰唛炼奶（雀巢）', 12.5, '听说吃了会胖', '2015-03-29 00:00:00', 1427628590, '', 1, 35, 1, '', 0),
(644, '陈皮米粒', 5.5, '开胃的', '2015-03-29 00:00:00', 1427628671, '', 1, 35, 1, '', 0),
(645, '购物袋', 0.1, '购物袋', '2015-03-29 00:00:00', 1427628682, '', 1, 35, 1, '', 0),
(646, '吃饭', 12.0, '晚饭', '2015-03-29 00:00:00', 1427628696, '', 1, 35, 1, '', 0),
(647, '充饭卡', 100.0, '充饭卡', '2015-04-02 00:00:00', 1427904368, '', 1, 35, 1, '', 0),
(648, '俊杰', 100.0, '充饭卡', '2015-04-02 00:00:00', 1427904395, '0', 4, 35, 1, '', 0),
(649, '乐活吃饭', 9.0, '吃炒河粉', '2015-04-02 00:00:00', 1427988723, '', 1, 35, 1, '', 0),
(650, '乐活吃饭', 9.0, '炒河粉', '2015-04-03 00:00:00', 1428060152, '', 1, 35, 1, '', 0),
(651, '购物', 15.0, '零食', '2015-04-03 00:00:00', 1428060186, '', 1, 35, 1, '', 0),
(652, '吃午饭', 12.0, '乐活吃饭', '2015-04-03 00:00:00', 1428060203, '', 1, 35, 1, '', 0),
(653, '俊杰', 12.0, '乐活吃午饭', '2015-04-03 00:00:00', 1428060219, '0', 4, 35, 1, '', 0),
(654, '车费', 25.0, '去天河车费', '2015-04-05 00:00:00', 1428219100, '', 1, 35, 1, '', 0),
(655, '充羊城通', 100.0, '充值羊城通', '2015-04-05 00:00:00', 1428219121, '', 1, 35, 1, '', 0),
(656, '地铁补票', 1.7, '不够钱', '2015-04-05 00:00:00', 1428219159, '', 1, 35, 1, '', 0),
(657, '饮料-绿茶', 4.0, '饮料', '2015-04-05 00:00:00', 1428219181, '', 1, 35, 1, '', 0),
(658, '吃午饭', 23.0, '午饭', '2015-04-05 00:00:00', 1428219196, '', 1, 35, 1, '', 0),
(659, '吃晚饭', 12.0, '东山口吃的', '2015-04-05 00:00:00', 1428219216, '', 1, 35, 1, '', 0),
(660, '水果-橙子', 1.5, '一人一半', '2015-04-05 00:00:00', 1428219236, '', 1, 35, 1, '', 0),
(661, '房费', 45.0, '一晚', '2015-04-05 00:00:00', 1428219251, '', 1, 35, 1, '', 0),
(662, '吃宵夜', 90.0, '请耿新一起', '2015-04-05 00:00:00', 1428219278, '', 1, 35, 1, '', 0),
(663, '早餐', 7.0, '早餐', '2015-04-05 00:00:00', 1428219294, '', 1, 35, 1, '', 0),
(664, '买书', 133.0, '从0到1和聪明的投资者', '2015-04-05 00:00:00', 1428219353, '', 1, 35, 1, '', 0),
(665, '英语四级', 28.0, '耿新帮忙给的', '2015-04-05 00:00:00', 1428219557, '', 1, 35, 1, '', 0),
(666, '车费', 25.0, '回来车费', '2015-04-05 00:00:00', 1428219849, '', 1, 35, 1, '', 0),
(667, '乐活吃饭', 12.0, '晚饭', '2015-04-06 00:00:00', 1428287238, '', 1, 35, 1, '', 0),
(668, '充饭卡', 100.0, '充饭卡', '2015-04-09 00:00:00', 1428553812, '', 1, 35, 1, '', 0),
(669, '买香肠', 7.0, '', '2015-04-09 00:00:00', 1428553823, '', 1, 35, 1, '', 0),
(670, '中午吃饭', 12.0, '', '2015-04-10 00:00:00', 1428662622, '', 1, 35, 1, '', 0),
(671, '吃饭', 9.0, '午饭', '2015-04-13 00:00:00', 1428907425, '', 1, 35, 1, '', 0),
(672, '充值饭卡', 100.0, '', '2015-04-16 00:00:00', 1429197906, '', 1, 35, 1, '', 0),
(673, '交车费', 25.0, '去白水寨旅行', '2015-04-16 00:00:00', 1429197942, '', 1, 35, 1, '', 0),
(674, '白水寨门票', 1.0, '优化活动', '2015-04-18 00:00:00', 1429411677, '', 1, 35, 1, '', 0),
(675, '吃饭', 10.0, '', '2015-04-18 00:00:00', 1429411706, '', 1, 35, 1, '', 0),
(676, '买的零食', 15.0, '特贵', '2015-04-18 00:00:00', 1429411754, '', 1, 35, 1, '', 0),
(677, '晚饭', 19.0, '一起点菜', '2015-04-18 00:00:00', 1429411773, '', 1, 35, 1, '', 0),
(678, '买手提', 1688.0, '网上I7', '2015-04-19 00:00:00', 1429411816, '', 1, 35, 1, '', 0),
(679, '晚饭', 10.0, '吃饭', '2015-04-20 00:00:00', 1429544053, '', 1, 35, 1, '', 0),
(680, '买水果', 6.5, '香蕉', '2015-04-20 00:00:00', 1429544093, '', 1, 35, 1, '', 0),
(681, '吃饭', 10.0, '午饭', '2015-04-21 00:00:00', 1429628764, '', 1, 35, 1, '', 0),
(682, '晚饭', 12.0, '晚饭', '2015-04-21 00:00:00', 1429628778, '', 1, 35, 1, '', 0),
(683, '买钩子', 8.0, '', '2015-04-21 00:00:00', 1429628789, '', 1, 35, 1, '', 0);

-- --------------------------------------------------------

--
-- 表的结构 `walle_bill_data_type`
--

CREATE TABLE IF NOT EXISTS `walle_bill_data_type` (
  `id` int(3) NOT NULL AUTO_INCREMENT,
  `type_id` int(3) NOT NULL,
  `name` varchar(20) NOT NULL,
  `title` varchar(20) NOT NULL,
  `create_time` int(10) NOT NULL,
  `remark` varchar(30) NOT NULL,
  PRIMARY KEY (`id`)
) ENGINE=InnoDB  DEFAULT CHARSET=utf8 AUTO_INCREMENT=13 ;

--
-- 转存表中的数据 `walle_bill_data_type`
--

INSERT INTO `walle_bill_data_type` (`id`, `type_id`, `name`, `title`, `create_time`, `remark`) VALUES
(1, 1, 'zhichu', '支出', 0, ''),
(2, 2, 'shouru', '收入', 0, ''),
(4, 3, 'shoujiaoandzhichu', '收缴/支出', 0, ''),
(5, 4, 'bandr', '借/还', 0, ''),
(6, 5, 'target', '目标', 0, ''),
(7, 6, 'target_save', '目标存款', 0, ''),
(9, 0, 'extra', '收缴/分配=>分配', 0, ''),
(10, 1, 'extra 字段', '收缴/分配=>收缴', 0, ''),
(11, 1, 'borrow', '借还=>借', 0, ''),
(12, 0, 'return', '借还=>还', 0, '');

-- --------------------------------------------------------

--
-- 表的结构 `walle_bill_user_config`
--

CREATE TABLE IF NOT EXISTS `walle_bill_user_config` (
  `id` int(5) NOT NULL AUTO_INCREMENT,
  `name` varchar(20) NOT NULL,
  `title` varchar(50) NOT NULL,
  `create_time` int(10) NOT NULL,
  `uid` int(10) NOT NULL,
  `status` int(3) NOT NULL,
  PRIMARY KEY (`id`)
) ENGINE=InnoDB DEFAULT CHARSET=utf8 AUTO_INCREMENT=1 ;

-- --------------------------------------------------------

--
-- 表的结构 `walle_config`
--

CREATE TABLE IF NOT EXISTS `walle_config` (
  `id` int(10) NOT NULL AUTO_INCREMENT,
  `name` varchar(30) NOT NULL,
  `title` varchar(30) NOT NULL,
  `create_time` int(10) NOT NULL,
  `belong` varchar(30) NOT NULL,
  `remark` varchar(30) NOT NULL,
  `type` varchar(15) NOT NULL,
  `value` text NOT NULL,
  PRIMARY KEY (`id`)
) ENGINE=InnoDB  DEFAULT CHARSET=utf8 AUTO_INCREMENT=1300 ;

--
-- 转存表中的数据 `walle_config`
--

INSERT INTO `walle_config` (`id`, `name`, `title`, `create_time`, `belong`, `remark`, `type`, `value`) VALUES
(502, 'site_logo', '', 1409484716, '', '', 'base', '/walle/Uploads/Picture/logo/2014-08-31/540307ac73168.ico'),
(545, 'pic_height', '缩略图高度', 1409489160, '', '', 'show_config', '600'),
(546, 'pic_width', '缩略图宽度', 1409489231, '', '', 'show_config', '6100'),
(1285, 'site_name', '', 1410251241, '', '', 'base', 'WallE'),
(1286, 'site_title', '', 1410251241, '', '', 'base', '我的个人内容管理系统'),
(1287, 'site_keywords', '', 1410251241, '', '', 'base', '我的个人内容管理系统'),
(1288, 'site_description', '', 1410251241, '', '', 'base', '我的个人内容管理系统'),
(1289, 'site_icp', '', 1410251241, '', '', 'base', '粤字 ICP 654753115 号'),
(1290, 'site_phone', '', 1410251241, '', '', 'base', '13650962253'),
(1291, 'site_email', '', 1410251241, '', '', 'base', '654753115@qq.com'),
(1292, 'site_qq', '', 1410251241, '', '', 'base', '654753115'),
(1293, 'site_template', '', 1410251241, '', '', 'base', 'default'),
(1294, 'site_off_on', '', 1410251241, '', '', 'base', 'on'),
(1295, 'site_login', '', 1410251241, '', '', 'base', 'on'),
(1296, 'site_content', '', 1410251241, '', '', 'base', '我的个人内容管理系统'),
(1297, 'site_map', '', 1410251241, '', '', 'base', 'off'),
(1298, 'site_verify', '', 1410251241, '', '', 'base', 'off'),
(1299, 'site_url_rewrite', '', 1410251241, '', '', 'base', 'off');

-- --------------------------------------------------------

--
-- 表的结构 `walle_member`
--

CREATE TABLE IF NOT EXISTS `walle_member` (
  `id` int(10) NOT NULL AUTO_INCREMENT,
  `name` varchar(30) NOT NULL,
  `email` varchar(50) NOT NULL,
  `password` varchar(40) NOT NULL,
  `reg_id` int(10) NOT NULL,
  `reg_time` int(10) NOT NULL,
  `reg_ip` varchar(25) NOT NULL,
  `descript` varchar(50) NOT NULL,
  `remark` varchar(50) NOT NULL,
  `status` int(3) NOT NULL,
  `last_login_time` int(11) NOT NULL,
  PRIMARY KEY (`id`)
) ENGINE=InnoDB  DEFAULT CHARSET=utf8 AUTO_INCREMENT=37 ;

--
-- 转存表中的数据 `walle_member`
--

INSERT INTO `walle_member` (`id`, `name`, `email`, `password`, `reg_id`, `reg_time`, `reg_ip`, `descript`, `remark`, `status`, `last_login_time`) VALUES
(30, 'admin', '892716279@qq.com', '8cc5246161037643e0372d5f9f1f9884', 0, 1410429998, '127.0.0.1', '', '', 1, 1425825027),
(35, 'walle', '654753115@qq.com', '8cc5246161037643e0372d5f9f1f9884', 1410440112, 1410440112, '127.0.0.1', '', '', 1, 1429628741),
(36, 'qwert', '654753115@qq.com', '6382fdcc25d69db2cae19475fdd2e0c3', 0, 1411390410, '127.0.0.1', '', '', 1, 1411390511);

-- --------------------------------------------------------

--
-- 表的结构 `walle_nav`
--

CREATE TABLE IF NOT EXISTS `walle_nav` (
  `id` int(5) NOT NULL AUTO_INCREMENT,
  `title` varchar(50) NOT NULL,
  `url` text NOT NULL,
  `status` int(3) NOT NULL,
  `remark` varchar(225) NOT NULL,
  `sort` int(3) NOT NULL,
  `create_time` int(11) NOT NULL,
  `update_time` int(11) NOT NULL,
  `type` int(3) NOT NULL,
  `target` varchar(10) NOT NULL,
  PRIMARY KEY (`id`)
) ENGINE=InnoDB  DEFAULT CHARSET=utf8 AUTO_INCREMENT=35 ;

--
-- 转存表中的数据 `walle_nav`
--

INSERT INTO `walle_nav` (`id`, `title`, `url`, `status`, `remark`, `sort`, `create_time`, `update_time`, `type`, `target`) VALUES
(2, '支出', 'Zhichu/index', 1, '', 2, 1410053604, 1410428455, 0, '_self'),
(6, '首页', 'Index/index', 1, '', 1, 1410055147, 1410056613, 0, '_self'),
(9, '收缴/分配', 'Shoujiao/index', 1, '', 4, 1410059470, 1411820114, 0, '_self'),
(10, '借/还', 'Jiehuan/index', 1, '', 5, 1410061155, 1411385338, 0, '_self'),
(12, '', '', 0, '', 9, 1410061206, 1410061206, 0, '_self'),
(13, '', '', 0, '', 9, 1410061221, 1410061221, 0, '_self'),
(16, '', '', 0, '', 9, 1410110412, 1410110412, 0, '_self'),
(17, '', '', 0, '', 9, 1410110416, 1410110416, 0, '_self'),
(22, '收入', 'Shouru/index', 1, '', 3, 1411302250, 1411302250, 0, '_self'),
(23, '存款目标', 'Savemoney/index', 1, '', 6, 1411632661, 1411632689, 0, '_self'),
(24, '', '', 0, '', 10, 1412750555, 1412750555, 0, '_self'),
(25, '', '', 0, '', 10, 1412750562, 1412750562, 0, '_self'),
(26, '', '', 0, '', 10, 1412750569, 1412750569, 0, '_self'),
(28, '', '', 0, '', 10, 1412750584, 1412750584, 0, '_self'),
(29, '', '', 1, '', 11, 1412750590, 1412750590, 0, '_self'),
(30, '', '', 1, '', 12, 1412750595, 1412750595, 0, '_self'),
(31, '', '', 0, '', 10, 1412750673, 1412750673, 0, '_self'),
(32, '', '', 0, '', 10, 1412750680, 1412750680, 0, '_self'),
(33, '', '', 1, '', 10, 1412772838, 1412772838, 0, '_self'),
(34, '', '', 1, '', 10, 1412772843, 1412772843, 0, '_self');

-- --------------------------------------------------------

--
-- 表的结构 `walle_node`
--

CREATE TABLE IF NOT EXISTS `walle_node` (
  `id` smallint(6) unsigned NOT NULL AUTO_INCREMENT,
  `name` varchar(20) NOT NULL,
  `title` varchar(50) DEFAULT NULL,
  `status` tinyint(1) DEFAULT '0',
  `remark` varchar(255) DEFAULT NULL,
  `sort` smallint(6) unsigned DEFAULT NULL,
  `pid` smallint(6) unsigned NOT NULL,
  `level` tinyint(1) unsigned NOT NULL,
  PRIMARY KEY (`id`),
  KEY `level` (`level`),
  KEY `pid` (`pid`),
  KEY `status` (`status`),
  KEY `name` (`name`)
) ENGINE=InnoDB  DEFAULT CHARSET=utf8 AUTO_INCREMENT=5 ;

--
-- 转存表中的数据 `walle_node`
--

INSERT INTO `walle_node` (`id`, `name`, `title`, `status`, `remark`, `sort`, `pid`, `level`) VALUES
(1, 'Admin', '后台应用', 1, NULL, 1, 0, 1),
(2, 'Config', '配置中心', 1, NULL, 1, 1, 2),
(3, 'Nav', '导航设置', 1, NULL, 1, 1, 2),
(4, 'nav', '导航列表', 1, NULL, 1, 3, 3);

-- --------------------------------------------------------

--
-- 表的结构 `walle_role`
--

CREATE TABLE IF NOT EXISTS `walle_role` (
  `id` smallint(6) unsigned NOT NULL AUTO_INCREMENT,
  `name` varchar(20) NOT NULL,
  `title` varchar(50) NOT NULL,
  `pid` smallint(6) DEFAULT NULL,
  `status` tinyint(1) unsigned DEFAULT NULL,
  `remark` varchar(255) DEFAULT NULL,
  PRIMARY KEY (`id`),
  KEY `pid` (`pid`),
  KEY `status` (`status`)
) ENGINE=InnoDB  DEFAULT CHARSET=utf8 AUTO_INCREMENT=2 ;

--
-- 转存表中的数据 `walle_role`
--

INSERT INTO `walle_role` (`id`, `name`, `title`, `pid`, `status`, `remark`) VALUES
(1, 'Member', '会员', NULL, 1, NULL);

-- --------------------------------------------------------

--
-- 表的结构 `walle_role_user`
--

CREATE TABLE IF NOT EXISTS `walle_role_user` (
  `role_id` mediumint(9) unsigned DEFAULT NULL,
  `user_id` char(32) DEFAULT NULL,
  KEY `group_id` (`role_id`),
  KEY `user_id` (`user_id`)
) ENGINE=InnoDB DEFAULT CHARSET=utf8;

--
-- 转存表中的数据 `walle_role_user`
--

INSERT INTO `walle_role_user` (`role_id`, `user_id`) VALUES
(1, '35'),
(1, '36');

-- --------------------------------------------------------

--
-- 表的结构 `walle_tp_data`
--

CREATE TABLE IF NOT EXISTS `walle_tp_data` (
  `id` int(10) NOT NULL AUTO_INCREMENT COMMENT '自增id',
  `name` varchar(32) NOT NULL COMMENT '账单名称',
  `price` varchar(10) NOT NULL COMMENT '多少钱',
  `time` date NOT NULL COMMENT '账单时间',
  `content` varchar(64) NOT NULL COMMENT '说明',
  `type` varchar(20) NOT NULL COMMENT '账单类型',
  `person_uid` varchar(20) NOT NULL DEFAULT '1' COMMENT '账单所属人uid',
  `status` varchar(10) NOT NULL COMMENT '账单状态',
  PRIMARY KEY (`id`)
) ENGINE=InnoDB DEFAULT CHARSET=utf8 COMMENT='收支数据表' AUTO_INCREMENT=1 ;

/*!40101 SET CHARACTER_SET_CLIENT=@OLD_CHARACTER_SET_CLIENT */;
/*!40101 SET CHARACTER_SET_RESULTS=@OLD_CHARACTER_SET_RESULTS */;
/*!40101 SET COLLATION_CONNECTION=@OLD_COLLATION_CONNECTION */;
